trial_number,familiar_stimulus,novel_stimulus,familiar_stimulus_item,novel_stimulus_item,complexity_condition,familiarization_time,familiar_stimulus_path,novel_stimulus_path,familiar_location_1,familiar_location_2,left_image_path_1,right_image_path_1,left_image_path_2,right_image_path_2,test_time_1,test_time_2,familiarization_time_timeout,lab,fribble_shuffle_seed,fractal_shuffle_seed,seed_group,fribble_set,test_familiar_location_order,familiarization_time_set,trial_type,List
1,Pacman_Simple,Cylinder_Simple,Pacman,Cylinder,simple,5,stimuli/images/Pacman_Simple.png,stimuli/images/Cylinder_Simple.png,right,left,stimuli/images/Cylinder_Simple.png,stimuli/images/Pacman_Simple.png,stimuli/images/Pacman_Simple.png,stimuli/images/Cylinder_Simple.png,5,5,10,lab47,16,17,4,set_2,loc_order_2,fam_time_set_2,fribble,737
2,SimsDiamond_Complex,Pumpkin_Complex,SimsDiamond,Pumpkin,complex,15,stimuli/images/SimsDiamond_Complex.png,stimuli/images/Pumpkin_Complex.png,left,right,stimuli/images/SimsDiamond_Complex.png,stimuli/images/Pumpkin_Complex.png,stimuli/images/Pumpkin_Complex.png,stimuli/images/SimsDiamond_Complex.png,5,5,30,lab47,16,17,4,set_2,loc_order_2,fam_time_set_2,fribble,737
3,Bowtie_Complex,Arrow_Complex,Bowtie,Arrow,complex,10,stimuli/images/Bowtie_Complex.png,stimuli/images/Arrow_Complex.png,right,left,stimuli/images/Arrow_Complex.png,stimuli/images/Bowtie_Complex.png,stimuli/images/Bowtie_Complex.png,stimuli/images/Arrow_Complex.png,5,5,20,lab47,16,17,4,set_2,loc_order_2,fam_time_set_2,fribble,737
4,Pyramid_Simple,Gumdrop_Simple,Pyramid,Gumdrop,simple,10,stimuli/images/Pyramid_Simple.png,stimuli/images/Gumdrop_Simple.png,left,right,stimuli/images/Pyramid_Simple.png,stimuli/images/Gumdrop_Simple.png,stimuli/images/Gumdrop_Simple.png,stimuli/images/Pyramid_Simple.png,5,5,20,lab47,16,17,4,set_2,loc_order_2,fam_time_set_2,fribble,737
5,Crinkle_Complex,Diamond_Complex,Crinkle,Diamond,complex,5,stimuli/images/Crinkle_Complex.png,stimuli/images/Diamond_Complex.png,left,right,stimuli/images/Crinkle_Complex.png,stimuli/images/Diamond_Complex.png,stimuli/images/Diamond_Complex.png,stimuli/images/Crinkle_Complex.png,5,5,10,lab47,16,17,4,set_2,loc_order_2,fam_time_set_2,fribble,737
6,Tripod_Simple,Bowl_Simple,Tripod,Bowl,simple,15,stimuli/images/Tripod_Simple.png,stimuli/images/Bowl_Simple.png,right,left,stimuli/images/Bowl_Simple.png,stimuli/images/Tripod_Simple.png,stimuli/images/Tripod_Simple.png,stimuli/images/Bowl_Simple.png,5,5,30,lab47,16,17,4,set_2,loc_order_2,fam_time_set_2,fribble,737
7,Frac1A_Complex,Frac1B_Complex,1A,1B,complex,10,stimuli/images/Frac1A_Complex.png,stimuli/images/Frac1B_Complex.png,right,left,stimuli/images/Frac1B_Complex.png,stimuli/images/Frac1A_Complex.png,stimuli/images/Frac1A_Complex.png,stimuli/images/Frac1B_Complex.png,5,5,20,lab47,16,17,4,set_2,loc_order_2,fam_time_set_2,fractal,737
8,Frac6A_Simple,Frac6B_Simple,6A,6B,simple,15,stimuli/images/Frac6A_Simple.png,stimuli/images/Frac6B_Simple.png,left,right,stimuli/images/Frac6A_Simple.png,stimuli/images/Frac6B_Simple.png,stimuli/images/Frac6B_Simple.png,stimuli/images/Frac6A_Simple.png,5,5,30,lab47,16,17,4,set_2,loc_order_2,fam_time_set_2,fractal,737
9,Frac2A_Simple,Frac2B_Simple,2A,2B,simple,5,stimuli/images/Frac2A_Simple.png,stimuli/images/Frac2B_Simple.png,left,right,stimuli/images/Frac2A_Simple.png,stimuli/images/Frac2B_Simple.png,stimuli/images/Frac2B_Simple.png,stimuli/images/Frac2A_Simple.png,5,5,10,lab47,16,17,4,set_2,loc_order_2,fam_time_set_2,fractal,737
10,Frac3A_Complex,Frac3B_Complex,3A,3B,complex,15,stimuli/images/Frac3A_Complex.png,stimuli/images/Frac3B_Complex.png,right,left,stimuli/images/Frac3B_Complex.png,stimuli/images/Frac3A_Complex.png,stimuli/images/Frac3A_Complex.png,stimuli/images/Frac3B_Complex.png,5,5,30,lab47,16,17,4,set_2,loc_order_2,fam_time_set_2,fractal,737
11,Frac4A_Simple,Frac4B_Simple,4A,4B,simple,10,stimuli/images/Frac4A_Simple.png,stimuli/images/Frac4B_Simple.png,right,left,stimuli/images/Frac4B_Simple.png,stimuli/images/Frac4A_Simple.png,stimuli/images/Frac4A_Simple.png,stimuli/images/Frac4B_Simple.png,5,5,20,lab47,16,17,4,set_2,loc_order_2,fam_time_set_2,fractal,737
12,Frac5A_Complex,Frac5B_Complex,5A,5B,complex,5,stimuli/images/Frac5A_Complex.png,stimuli/images/Frac5B_Complex.png,left,right,stimuli/images/Frac5A_Complex.png,stimuli/images/Frac5B_Complex.png,stimuli/images/Frac5B_Complex.png,stimuli/images/Frac5A_Complex.png,5,5,10,lab47,16,17,4,set_2,loc_order_2,fam_time_set_2,fractal,737
1,Cylinder_Simple,Pacman_Simple,Cylinder,Pacman,simple,5,stimuli/images/Cylinder_Simple.png,stimuli/images/Pacman_Simple.png,right,left,stimuli/images/Pacman_Simple.png,stimuli/images/Cylinder_Simple.png,stimuli/images/Cylinder_Simple.png,stimuli/images/Pacman_Simple.png,5,5,10,lab47,16,17,4,set_2,loc_order_2,fam_time_set_2,fribble,738
2,Pumpkin_Complex,SimsDiamond_Complex,Pumpkin,SimsDiamond,complex,15,stimuli/images/Pumpkin_Complex.png,stimuli/images/SimsDiamond_Complex.png,left,right,stimuli/images/Pumpkin_Complex.png,stimuli/images/SimsDiamond_Complex.png,stimuli/images/SimsDiamond_Complex.png,stimuli/images/Pumpkin_Complex.png,5,5,30,lab47,16,17,4,set_2,loc_order_2,fam_time_set_2,fribble,738
3,Arrow_Complex,Bowtie_Complex,Arrow,Bowtie,complex,10,stimuli/images/Arrow_Complex.png,stimuli/images/Bowtie_Complex.png,right,left,stimuli/images/Bowtie_Complex.png,stimuli/images/Arrow_Complex.png,stimuli/images/Arrow_Complex.png,stimuli/images/Bowtie_Complex.png,5,5,20,lab47,16,17,4,set_2,loc_order_2,fam_time_set_2,fribble,738
4,Gumdrop_Simple,Pyramid_Simple,Gumdrop,Pyramid,simple,10,stimuli/images/Gumdrop_Simple.png,stimuli/images/Pyramid_Simple.png,left,right,stimuli/images/Gumdrop_Simple.png,stimuli/images/Pyramid_Simple.png,stimuli/images/Pyramid_Simple.png,stimuli/images/Gumdrop_Simple.png,5,5,20,lab47,16,17,4,set_2,loc_order_2,fam_time_set_2,fribble,738
5,Diamond_Complex,Crinkle_Complex,Diamond,Crinkle,complex,5,stimuli/images/Diamond_Complex.png,stimuli/images/Crinkle_Complex.png,left,right,stimuli/images/Diamond_Complex.png,stimuli/images/Crinkle_Complex.png,stimuli/images/Crinkle_Complex.png,stimuli/images/Diamond_Complex.png,5,5,10,lab47,16,17,4,set_2,loc_order_2,fam_time_set_2,fribble,738
6,Bowl_Simple,Tripod_Simple,Bowl,Tripod,simple,15,stimuli/images/Bowl_Simple.png,stimuli/images/Tripod_Simple.png,right,left,stimuli/images/Tripod_Simple.png,stimuli/images/Bowl_Simple.png,stimuli/images/Bowl_Simple.png,stimuli/images/Tripod_Simple.png,5,5,30,lab47,16,17,4,set_2,loc_order_2,fam_time_set_2,fribble,738
7,Frac1B_Complex,Frac1A_Complex,1B,1A,complex,10,stimuli/images/Frac1B_Complex.png,stimuli/images/Frac1A_Complex.png,right,left,stimuli/images/Frac1A_Complex.png,stimuli/images/Frac1B_Complex.png,stimuli/images/Frac1B_Complex.png,stimuli/images/Frac1A_Complex.png,5,5,20,lab47,16,17,4,set_2,loc_order_2,fam_time_set_2,fractal,738
8,Frac6B_Simple,Frac6A_Simple,6B,6A,simple,15,stimuli/images/Frac6B_Simple.png,stimuli/images/Frac6A_Simple.png,left,right,stimuli/images/Frac6B_Simple.png,stimuli/images/Frac6A_Simple.png,stimuli/images/Frac6A_Simple.png,stimuli/images/Frac6B_Simple.png,5,5,30,lab47,16,17,4,set_2,loc_order_2,fam_time_set_2,fractal,738
9,Frac2B_Simple,Frac2A_Simple,2B,2A,simple,5,stimuli/images/Frac2B_Simple.png,stimuli/images/Frac2A_Simple.png,left,right,stimuli/images/Frac2B_Simple.png,stimuli/images/Frac2A_Simple.png,stimuli/images/Frac2A_Simple.png,stimuli/images/Frac2B_Simple.png,5,5,10,lab47,16,17,4,set_2,loc_order_2,fam_time_set_2,fractal,738
10,Frac3B_Complex,Frac3A_Complex,3B,3A,complex,15,stimuli/images/Frac3B_Complex.png,stimuli/images/Frac3A_Complex.png,right,left,stimuli/images/Frac3A_Complex.png,stimuli/images/Frac3B_Complex.png,stimuli/images/Frac3B_Complex.png,stimuli/images/Frac3A_Complex.png,5,5,30,lab47,16,17,4,set_2,loc_order_2,fam_time_set_2,fractal,738
11,Frac4B_Simple,Frac4A_Simple,4B,4A,simple,10,stimuli/images/Frac4B_Simple.png,stimuli/images/Frac4A_Simple.png,right,left,stimuli/images/Frac4A_Simple.png,stimuli/images/Frac4B_Simple.png,stimuli/images/Frac4B_Simple.png,stimuli/images/Frac4A_Simple.png,5,5,20,lab47,16,17,4,set_2,loc_order_2,fam_time_set_2,fractal,738
12,Frac5B_Complex,Frac5A_Complex,5B,5A,complex,5,stimuli/images/Frac5B_Complex.png,stimuli/images/Frac5A_Complex.png,left,right,stimuli/images/Frac5B_Complex.png,stimuli/images/Frac5A_Complex.png,stimuli/images/Frac5A_Complex.png,stimuli/images/Frac5B_Complex.png,5,5,10,lab47,16,17,4,set_2,loc_order_2,fam_time_set_2,fractal,738
1,Frac5A_Complex,Frac5B_Complex,5A,5B,complex,5,stimuli/images/Frac5A_Complex.png,stimuli/images/Frac5B_Complex.png,left,right,stimuli/images/Frac5A_Complex.png,stimuli/images/Frac5B_Complex.png,stimuli/images/Frac5B_Complex.png,stimuli/images/Frac5A_Complex.png,5,5,10,lab47,16,17,4,set_2,loc_order_2,fam_time_set_2,fractal,739
2,Frac4A_Simple,Frac4B_Simple,4A,4B,simple,10,stimuli/images/Frac4A_Simple.png,stimuli/images/Frac4B_Simple.png,right,left,stimuli/images/Frac4B_Simple.png,stimuli/images/Frac4A_Simple.png,stimuli/images/Frac4A_Simple.png,stimuli/images/Frac4B_Simple.png,5,5,20,lab47,16,17,4,set_2,loc_order_2,fam_time_set_2,fractal,739
3,Frac3A_Complex,Frac3B_Complex,3A,3B,complex,15,stimuli/images/Frac3A_Complex.png,stimuli/images/Frac3B_Complex.png,right,left,stimuli/images/Frac3B_Complex.png,stimuli/images/Frac3A_Complex.png,stimuli/images/Frac3A_Complex.png,stimuli/images/Frac3B_Complex.png,5,5,30,lab47,16,17,4,set_2,loc_order_2,fam_time_set_2,fractal,739
4,Frac2A_Simple,Frac2B_Simple,2A,2B,simple,5,stimuli/images/Frac2A_Simple.png,stimuli/images/Frac2B_Simple.png,left,right,stimuli/images/Frac2A_Simple.png,stimuli/images/Frac2B_Simple.png,stimuli/images/Frac2B_Simple.png,stimuli/images/Frac2A_Simple.png,5,5,10,lab47,16,17,4,set_2,loc_order_2,fam_time_set_2,fractal,739
5,Frac6A_Simple,Frac6B_Simple,6A,6B,simple,15,stimuli/images/Frac6A_Simple.png,stimuli/images/Frac6B_Simple.png,left,right,stimuli/images/Frac6A_Simple.png,stimuli/images/Frac6B_Simple.png,stimuli/images/Frac6B_Simple.png,stimuli/images/Frac6A_Simple.png,5,5,30,lab47,16,17,4,set_2,loc_order_2,fam_time_set_2,fractal,739
6,Frac1A_Complex,Frac1B_Complex,1A,1B,complex,10,stimuli/images/Frac1A_Complex.png,stimuli/images/Frac1B_Complex.png,right,left,stimuli/images/Frac1B_Complex.png,stimuli/images/Frac1A_Complex.png,stimuli/images/Frac1A_Complex.png,stimuli/images/Frac1B_Complex.png,5,5,20,lab47,16,17,4,set_2,loc_order_2,fam_time_set_2,fractal,739
7,Tripod_Simple,Bowl_Simple,Tripod,Bowl,simple,15,stimuli/images/Tripod_Simple.png,stimuli/images/Bowl_Simple.png,right,left,stimuli/images/Bowl_Simple.png,stimuli/images/Tripod_Simple.png,stimuli/images/Tripod_Simple.png,stimuli/images/Bowl_Simple.png,5,5,30,lab47,16,17,4,set_2,loc_order_2,fam_time_set_2,fribble,739
8,Crinkle_Complex,Diamond_Complex,Crinkle,Diamond,complex,5,stimuli/images/Crinkle_Complex.png,stimuli/images/Diamond_Complex.png,left,right,stimuli/images/Crinkle_Complex.png,stimuli/images/Diamond_Complex.png,stimuli/images/Diamond_Complex.png,stimuli/images/Crinkle_Complex.png,5,5,10,lab47,16,17,4,set_2,loc_order_2,fam_time_set_2,fribble,739
9,Pyramid_Simple,Gumdrop_Simple,Pyramid,Gumdrop,simple,10,stimuli/images/Pyramid_Simple.png,stimuli/images/Gumdrop_Simple.png,left,right,stimuli/images/Pyramid_Simple.png,stimuli/images/Gumdrop_Simple.png,stimuli/images/Gumdrop_Simple.png,stimuli/images/Pyramid_Simple.png,5,5,20,lab47,16,17,4,set_2,loc_order_2,fam_time_set_2,fribble,739
10,Bowtie_Complex,Arrow_Complex,Bowtie,Arrow,complex,10,stimuli/images/Bowtie_Complex.png,stimuli/images/Arrow_Complex.png,right,left,stimuli/images/Arrow_Complex.png,stimuli/images/Bowtie_Complex.png,stimuli/images/Bowtie_Complex.png,stimuli/images/Arrow_Complex.png,5,5,20,lab47,16,17,4,set_2,loc_order_2,fam_time_set_2,fribble,739
11,SimsDiamond_Complex,Pumpkin_Complex,SimsDiamond,Pumpkin,complex,15,stimuli/images/SimsDiamond_Complex.png,stimuli/images/Pumpkin_Complex.png,left,right,stimuli/images/SimsDiamond_Complex.png,stimuli/images/Pumpkin_Complex.png,stimuli/images/Pumpkin_Complex.png,stimuli/images/SimsDiamond_Complex.png,5,5,30,lab47,16,17,4,set_2,loc_order_2,fam_time_set_2,fribble,739
12,Pacman_Simple,Cylinder_Simple,Pacman,Cylinder,simple,5,stimuli/images/Pacman_Simple.png,stimuli/images/Cylinder_Simple.png,right,left,stimuli/images/Cylinder_Simple.png,stimuli/images/Pacman_Simple.png,stimuli/images/Pacman_Simple.png,stimuli/images/Cylinder_Simple.png,5,5,10,lab47,16,17,4,set_2,loc_order_2,fam_time_set_2,fribble,739
1,Frac5B_Complex,Frac5A_Complex,5B,5A,complex,5,stimuli/images/Frac5B_Complex.png,stimuli/images/Frac5A_Complex.png,left,right,stimuli/images/Frac5B_Complex.png,stimuli/images/Frac5A_Complex.png,stimuli/images/Frac5A_Complex.png,stimuli/images/Frac5B_Complex.png,5,5,10,lab47,16,17,4,set_2,loc_order_2,fam_time_set_2,fractal,740
2,Frac4B_Simple,Frac4A_Simple,4B,4A,simple,10,stimuli/images/Frac4B_Simple.png,stimuli/images/Frac4A_Simple.png,right,left,stimuli/images/Frac4A_Simple.png,stimuli/images/Frac4B_Simple.png,stimuli/images/Frac4B_Simple.png,stimuli/images/Frac4A_Simple.png,5,5,20,lab47,16,17,4,set_2,loc_order_2,fam_time_set_2,fractal,740
3,Frac3B_Complex,Frac3A_Complex,3B,3A,complex,15,stimuli/images/Frac3B_Complex.png,stimuli/images/Frac3A_Complex.png,right,left,stimuli/images/Frac3A_Complex.png,stimuli/images/Frac3B_Complex.png,stimuli/images/Frac3B_Complex.png,stimuli/images/Frac3A_Complex.png,5,5,30,lab47,16,17,4,set_2,loc_order_2,fam_time_set_2,fractal,740
4,Frac2B_Simple,Frac2A_Simple,2B,2A,simple,5,stimuli/images/Frac2B_Simple.png,stimuli/images/Frac2A_Simple.png,left,right,stimuli/images/Frac2B_Simple.png,stimuli/images/Frac2A_Simple.png,stimuli/images/Frac2A_Simple.png,stimuli/images/Frac2B_Simple.png,5,5,10,lab47,16,17,4,set_2,loc_order_2,fam_time_set_2,fractal,740
5,Frac6B_Simple,Frac6A_Simple,6B,6A,simple,15,stimuli/images/Frac6B_Simple.png,stimuli/images/Frac6A_Simple.png,left,right,stimuli/images/Frac6B_Simple.png,stimuli/images/Frac6A_Simple.png,stimuli/images/Frac6A_Simple.png,stimuli/images/Frac6B_Simple.png,5,5,30,lab47,16,17,4,set_2,loc_order_2,fam_time_set_2,fractal,740
6,Frac1B_Complex,Frac1A_Complex,1B,1A,complex,10,stimuli/images/Frac1B_Complex.png,stimuli/images/Frac1A_Complex.png,right,left,stimuli/images/Frac1A_Complex.png,stimuli/images/Frac1B_Complex.png,stimuli/images/Frac1B_Complex.png,stimuli/images/Frac1A_Complex.png,5,5,20,lab47,16,17,4,set_2,loc_order_2,fam_time_set_2,fractal,740
7,Bowl_Simple,Tripod_Simple,Bowl,Tripod,simple,15,stimuli/images/Bowl_Simple.png,stimuli/images/Tripod_Simple.png,right,left,stimuli/images/Tripod_Simple.png,stimuli/images/Bowl_Simple.png,stimuli/images/Bowl_Simple.png,stimuli/images/Tripod_Simple.png,5,5,30,lab47,16,17,4,set_2,loc_order_2,fam_time_set_2,fribble,740
8,Diamond_Complex,Crinkle_Complex,Diamond,Crinkle,complex,5,stimuli/images/Diamond_Complex.png,stimuli/images/Crinkle_Complex.png,left,right,stimuli/images/Diamond_Complex.png,stimuli/images/Crinkle_Complex.png,stimuli/images/Crinkle_Complex.png,stimuli/images/Diamond_Complex.png,5,5,10,lab47,16,17,4,set_2,loc_order_2,fam_time_set_2,fribble,740
9,Gumdrop_Simple,Pyramid_Simple,Gumdrop,Pyramid,simple,10,stimuli/images/Gumdrop_Simple.png,stimuli/images/Pyramid_Simple.png,left,right,stimuli/images/Gumdrop_Simple.png,stimuli/images/Pyramid_Simple.png,stimuli/images/Pyramid_Simple.png,stimuli/images/Gumdrop_Simple.png,5,5,20,lab47,16,17,4,set_2,loc_order_2,fam_time_set_2,fribble,740
10,Arrow_Complex,Bowtie_Complex,Arrow,Bowtie,complex,10,stimuli/images/Arrow_Complex.png,stimuli/images/Bowtie_Complex.png,right,left,stimuli/images/Bowtie_Complex.png,stimuli/images/Arrow_Complex.png,stimuli/images/Arrow_Complex.png,stimuli/images/Bowtie_Complex.png,5,5,20,lab47,16,17,4,set_2,loc_order_2,fam_time_set_2,fribble,740
11,Pumpkin_Complex,SimsDiamond_Complex,Pumpkin,SimsDiamond,complex,15,stimuli/images/Pumpkin_Complex.png,stimuli/images/SimsDiamond_Complex.png,left,right,stimuli/images/Pumpkin_Complex.png,stimuli/images/SimsDiamond_Complex.png,stimuli/images/SimsDiamond_Complex.png,stimuli/images/Pumpkin_Complex.png,5,5,30,lab47,16,17,4,set_2,loc_order_2,fam_time_set_2,fribble,740
12,Cylinder_Simple,Pacman_Simple,Cylinder,Pacman,simple,5,stimuli/images/Cylinder_Simple.png,stimuli/images/Pacman_Simple.png,right,left,stimuli/images/Pacman_Simple.png,stimuli/images/Cylinder_Simple.png,stimuli/images/Cylinder_Simple.png,stimuli/images/Pacman_Simple.png,5,5,10,lab47,16,17,4,set_2,loc_order_2,fam_time_set_2,fribble,740
1,Pacman_Simple,Cylinder_Simple,Pacman,Cylinder,simple,10,stimuli/images/Pacman_Simple.png,stimuli/images/Cylinder_Simple.png,right,left,stimuli/images/Cylinder_Simple.png,stimuli/images/Pacman_Simple.png,stimuli/images/Pacman_Simple.png,stimuli/images/Cylinder_Simple.png,5,5,20,lab47,16,17,4,set_2,loc_order_2,fam_time_set_2,fribble,741
2,SimsDiamond_Complex,Pumpkin_Complex,SimsDiamond,Pumpkin,complex,5,stimuli/images/SimsDiamond_Complex.png,stimuli/images/Pumpkin_Complex.png,left,right,stimuli/images/SimsDiamond_Complex.png,stimuli/images/Pumpkin_Complex.png,stimuli/images/Pumpkin_Complex.png,stimuli/images/SimsDiamond_Complex.png,5,5,10,lab47,16,17,4,set_2,loc_order_2,fam_time_set_2,fribble,741
3,Bowtie_Complex,Arrow_Complex,Bowtie,Arrow,complex,15,stimuli/images/Bowtie_Complex.png,stimuli/images/Arrow_Complex.png,right,left,stimuli/images/Arrow_Complex.png,stimuli/images/Bowtie_Complex.png,stimuli/images/Bowtie_Complex.png,stimuli/images/Arrow_Complex.png,5,5,30,lab47,16,17,4,set_2,loc_order_2,fam_time_set_2,fribble,741
4,Pyramid_Simple,Gumdrop_Simple,Pyramid,Gumdrop,simple,15,stimuli/images/Pyramid_Simple.png,stimuli/images/Gumdrop_Simple.png,left,right,stimuli/images/Pyramid_Simple.png,stimuli/images/Gumdrop_Simple.png,stimuli/images/Gumdrop_Simple.png,stimuli/images/Pyramid_Simple.png,5,5,30,lab47,16,17,4,set_2,loc_order_2,fam_time_set_2,fribble,741
5,Crinkle_Complex,Diamond_Complex,Crinkle,Diamond,complex,10,stimuli/images/Crinkle_Complex.png,stimuli/images/Diamond_Complex.png,left,right,stimuli/images/Crinkle_Complex.png,stimuli/images/Diamond_Complex.png,stimuli/images/Diamond_Complex.png,stimuli/images/Crinkle_Complex.png,5,5,20,lab47,16,17,4,set_2,loc_order_2,fam_time_set_2,fribble,741
6,Tripod_Simple,Bowl_Simple,Tripod,Bowl,simple,5,stimuli/images/Tripod_Simple.png,stimuli/images/Bowl_Simple.png,right,left,stimuli/images/Bowl_Simple.png,stimuli/images/Tripod_Simple.png,stimuli/images/Tripod_Simple.png,stimuli/images/Bowl_Simple.png,5,5,10,lab47,16,17,4,set_2,loc_order_2,fam_time_set_2,fribble,741
7,Frac1A_Complex,Frac1B_Complex,1A,1B,complex,15,stimuli/images/Frac1A_Complex.png,stimuli/images/Frac1B_Complex.png,right,left,stimuli/images/Frac1B_Complex.png,stimuli/images/Frac1A_Complex.png,stimuli/images/Frac1A_Complex.png,stimuli/images/Frac1B_Complex.png,5,5,30,lab47,16,17,4,set_2,loc_order_2,fam_time_set_2,fractal,741
8,Frac6A_Simple,Frac6B_Simple,6A,6B,simple,5,stimuli/images/Frac6A_Simple.png,stimuli/images/Frac6B_Simple.png,left,right,stimuli/images/Frac6A_Simple.png,stimuli/images/Frac6B_Simple.png,stimuli/images/Frac6B_Simple.png,stimuli/images/Frac6A_Simple.png,5,5,10,lab47,16,17,4,set_2,loc_order_2,fam_time_set_2,fractal,741
9,Frac2A_Simple,Frac2B_Simple,2A,2B,simple,10,stimuli/images/Frac2A_Simple.png,stimuli/images/Frac2B_Simple.png,left,right,stimuli/images/Frac2A_Simple.png,stimuli/images/Frac2B_Simple.png,stimuli/images/Frac2B_Simple.png,stimuli/images/Frac2A_Simple.png,5,5,20,lab47,16,17,4,set_2,loc_order_2,fam_time_set_2,fractal,741
10,Frac3A_Complex,Frac3B_Complex,3A,3B,complex,5,stimuli/images/Frac3A_Complex.png,stimuli/images/Frac3B_Complex.png,right,left,stimuli/images/Frac3B_Complex.png,stimuli/images/Frac3A_Complex.png,stimuli/images/Frac3A_Complex.png,stimuli/images/Frac3B_Complex.png,5,5,10,lab47,16,17,4,set_2,loc_order_2,fam_time_set_2,fractal,741
11,Frac4A_Simple,Frac4B_Simple,4A,4B,simple,15,stimuli/images/Frac4A_Simple.png,stimuli/images/Frac4B_Simple.png,right,left,stimuli/images/Frac4B_Simple.png,stimuli/images/Frac4A_Simple.png,stimuli/images/Frac4A_Simple.png,stimuli/images/Frac4B_Simple.png,5,5,30,lab47,16,17,4,set_2,loc_order_2,fam_time_set_2,fractal,741
12,Frac5A_Complex,Frac5B_Complex,5A,5B,complex,10,stimuli/images/Frac5A_Complex.png,stimuli/images/Frac5B_Complex.png,left,right,stimuli/images/Frac5A_Complex.png,stimuli/images/Frac5B_Complex.png,stimuli/images/Frac5B_Complex.png,stimuli/images/Frac5A_Complex.png,5,5,20,lab47,16,17,4,set_2,loc_order_2,fam_time_set_2,fractal,741
1,Cylinder_Simple,Pacman_Simple,Cylinder,Pacman,simple,10,stimuli/images/Cylinder_Simple.png,stimuli/images/Pacman_Simple.png,right,left,stimuli/images/Pacman_Simple.png,stimuli/images/Cylinder_Simple.png,stimuli/images/Cylinder_Simple.png,stimuli/images/Pacman_Simple.png,5,5,20,lab47,16,17,4,set_2,loc_order_2,fam_time_set_2,fribble,742
2,Pumpkin_Complex,SimsDiamond_Complex,Pumpkin,SimsDiamond,complex,5,stimuli/images/Pumpkin_Complex.png,stimuli/images/SimsDiamond_Complex.png,left,right,stimuli/images/Pumpkin_Complex.png,stimuli/images/SimsDiamond_Complex.png,stimuli/images/SimsDiamond_Complex.png,stimuli/images/Pumpkin_Complex.png,5,5,10,lab47,16,17,4,set_2,loc_order_2,fam_time_set_2,fribble,742
3,Arrow_Complex,Bowtie_Complex,Arrow,Bowtie,complex,15,stimuli/images/Arrow_Complex.png,stimuli/images/Bowtie_Complex.png,right,left,stimuli/images/Bowtie_Complex.png,stimuli/images/Arrow_Complex.png,stimuli/images/Arrow_Complex.png,stimuli/images/Bowtie_Complex.png,5,5,30,lab47,16,17,4,set_2,loc_order_2,fam_time_set_2,fribble,742
4,Gumdrop_Simple,Pyramid_Simple,Gumdrop,Pyramid,simple,15,stimuli/images/Gumdrop_Simple.png,stimuli/images/Pyramid_Simple.png,left,right,stimuli/images/Gumdrop_Simple.png,stimuli/images/Pyramid_Simple.png,stimuli/images/Pyramid_Simple.png,stimuli/images/Gumdrop_Simple.png,5,5,30,lab47,16,17,4,set_2,loc_order_2,fam_time_set_2,fribble,742
5,Diamond_Complex,Crinkle_Complex,Diamond,Crinkle,complex,10,stimuli/images/Diamond_Complex.png,stimuli/images/Crinkle_Complex.png,left,right,stimuli/images/Diamond_Complex.png,stimuli/images/Crinkle_Complex.png,stimuli/images/Crinkle_Complex.png,stimuli/images/Diamond_Complex.png,5,5,20,lab47,16,17,4,set_2,loc_order_2,fam_time_set_2,fribble,742
6,Bowl_Simple,Tripod_Simple,Bowl,Tripod,simple,5,stimuli/images/Bowl_Simple.png,stimuli/images/Tripod_Simple.png,right,left,stimuli/images/Tripod_Simple.png,stimuli/images/Bowl_Simple.png,stimuli/images/Bowl_Simple.png,stimuli/images/Tripod_Simple.png,5,5,10,lab47,16,17,4,set_2,loc_order_2,fam_time_set_2,fribble,742
7,Frac1B_Complex,Frac1A_Complex,1B,1A,complex,15,stimuli/images/Frac1B_Complex.png,stimuli/images/Frac1A_Complex.png,right,left,stimuli/images/Frac1A_Complex.png,stimuli/images/Frac1B_Complex.png,stimuli/images/Frac1B_Complex.png,stimuli/images/Frac1A_Complex.png,5,5,30,lab47,16,17,4,set_2,loc_order_2,fam_time_set_2,fractal,742
8,Frac6B_Simple,Frac6A_Simple,6B,6A,simple,5,stimuli/images/Frac6B_Simple.png,stimuli/images/Frac6A_Simple.png,left,right,stimuli/images/Frac6B_Simple.png,stimuli/images/Frac6A_Simple.png,stimuli/images/Frac6A_Simple.png,stimuli/images/Frac6B_Simple.png,5,5,10,lab47,16,17,4,set_2,loc_order_2,fam_time_set_2,fractal,742
9,Frac2B_Simple,Frac2A_Simple,2B,2A,simple,10,stimuli/images/Frac2B_Simple.png,stimuli/images/Frac2A_Simple.png,left,right,stimuli/images/Frac2B_Simple.png,stimuli/images/Frac2A_Simple.png,stimuli/images/Frac2A_Simple.png,stimuli/images/Frac2B_Simple.png,5,5,20,lab47,16,17,4,set_2,loc_order_2,fam_time_set_2,fractal,742
10,Frac3B_Complex,Frac3A_Complex,3B,3A,complex,5,stimuli/images/Frac3B_Complex.png,stimuli/images/Frac3A_Complex.png,right,left,stimuli/images/Frac3A_Complex.png,stimuli/images/Frac3B_Complex.png,stimuli/images/Frac3B_Complex.png,stimuli/images/Frac3A_Complex.png,5,5,10,lab47,16,17,4,set_2,loc_order_2,fam_time_set_2,fractal,742
11,Frac4B_Simple,Frac4A_Simple,4B,4A,simple,15,stimuli/images/Frac4B_Simple.png,stimuli/images/Frac4A_Simple.png,right,left,stimuli/images/Frac4A_Simple.png,stimuli/images/Frac4B_Simple.png,stimuli/images/Frac4B_Simple.png,stimuli/images/Frac4A_Simple.png,5,5,30,lab47,16,17,4,set_2,loc_order_2,fam_time_set_2,fractal,742
12,Frac5B_Complex,Frac5A_Complex,5B,5A,complex,10,stimuli/images/Frac5B_Complex.png,stimuli/images/Frac5A_Complex.png,left,right,stimuli/images/Frac5B_Complex.png,stimuli/images/Frac5A_Complex.png,stimuli/images/Frac5A_Complex.png,stimuli/images/Frac5B_Complex.png,5,5,20,lab47,16,17,4,set_2,loc_order_2,fam_time_set_2,fractal,742
1,Frac5A_Complex,Frac5B_Complex,5A,5B,complex,10,stimuli/images/Frac5A_Complex.png,stimuli/images/Frac5B_Complex.png,left,right,stimuli/images/Frac5A_Complex.png,stimuli/images/Frac5B_Complex.png,stimuli/images/Frac5B_Complex.png,stimuli/images/Frac5A_Complex.png,5,5,20,lab47,16,17,4,set_2,loc_order_2,fam_time_set_2,fractal,743
2,Frac4A_Simple,Frac4B_Simple,4A,4B,simple,15,stimuli/images/Frac4A_Simple.png,stimuli/images/Frac4B_Simple.png,right,left,stimuli/images/Frac4B_Simple.png,stimuli/images/Frac4A_Simple.png,stimuli/images/Frac4A_Simple.png,stimuli/images/Frac4B_Simple.png,5,5,30,lab47,16,17,4,set_2,loc_order_2,fam_time_set_2,fractal,743
3,Frac3A_Complex,Frac3B_Complex,3A,3B,complex,5,stimuli/images/Frac3A_Complex.png,stimuli/images/Frac3B_Complex.png,right,left,stimuli/images/Frac3B_Complex.png,stimuli/images/Frac3A_Complex.png,stimuli/images/Frac3A_Complex.png,stimuli/images/Frac3B_Complex.png,5,5,10,lab47,16,17,4,set_2,loc_order_2,fam_time_set_2,fractal,743
4,Frac2A_Simple,Frac2B_Simple,2A,2B,simple,10,stimuli/images/Frac2A_Simple.png,stimuli/images/Frac2B_Simple.png,left,right,stimuli/images/Frac2A_Simple.png,stimuli/images/Frac2B_Simple.png,stimuli/images/Frac2B_Simple.png,stimuli/images/Frac2A_Simple.png,5,5,20,lab47,16,17,4,set_2,loc_order_2,fam_time_set_2,fractal,743
5,Frac6A_Simple,Frac6B_Simple,6A,6B,simple,5,stimuli/images/Frac6A_Simple.png,stimuli/images/Frac6B_Simple.png,left,right,stimuli/images/Frac6A_Simple.png,stimuli/images/Frac6B_Simple.png,stimuli/images/Frac6B_Simple.png,stimuli/images/Frac6A_Simple.png,5,5,10,lab47,16,17,4,set_2,loc_order_2,fam_time_set_2,fractal,743
6,Frac1A_Complex,Frac1B_Complex,1A,1B,complex,15,stimuli/images/Frac1A_Complex.png,stimuli/images/Frac1B_Complex.png,right,left,stimuli/images/Frac1B_Complex.png,stimuli/images/Frac1A_Complex.png,stimuli/images/Frac1A_Complex.png,stimuli/images/Frac1B_Complex.png,5,5,30,lab47,16,17,4,set_2,loc_order_2,fam_time_set_2,fractal,743
7,Tripod_Simple,Bowl_Simple,Tripod,Bowl,simple,5,stimuli/images/Tripod_Simple.png,stimuli/images/Bowl_Simple.png,right,left,stimuli/images/Bowl_Simple.png,stimuli/images/Tripod_Simple.png,stimuli/images/Tripod_Simple.png,stimuli/images/Bowl_Simple.png,5,5,10,lab47,16,17,4,set_2,loc_order_2,fam_time_set_2,fribble,743
8,Crinkle_Complex,Diamond_Complex,Crinkle,Diamond,complex,10,stimuli/images/Crinkle_Complex.png,stimuli/images/Diamond_Complex.png,left,right,stimuli/images/Crinkle_Complex.png,stimuli/images/Diamond_Complex.png,stimuli/images/Diamond_Complex.png,stimuli/images/Crinkle_Complex.png,5,5,20,lab47,16,17,4,set_2,loc_order_2,fam_time_set_2,fribble,743
9,Pyramid_Simple,Gumdrop_Simple,Pyramid,Gumdrop,simple,15,stimuli/images/Pyramid_Simple.png,stimuli/images/Gumdrop_Simple.png,left,right,stimuli/images/Pyramid_Simple.png,stimuli/images/Gumdrop_Simple.png,stimuli/images/Gumdrop_Simple.png,stimuli/images/Pyramid_Simple.png,5,5,30,lab47,16,17,4,set_2,loc_order_2,fam_time_set_2,fribble,743
10,Bowtie_Complex,Arrow_Complex,Bowtie,Arrow,complex,15,stimuli/images/Bowtie_Complex.png,stimuli/images/Arrow_Complex.png,right,left,stimuli/images/Arrow_Complex.png,stimuli/images/Bowtie_Complex.png,stimuli/images/Bowtie_Complex.png,stimuli/images/Arrow_Complex.png,5,5,30,lab47,16,17,4,set_2,loc_order_2,fam_time_set_2,fribble,743
11,SimsDiamond_Complex,Pumpkin_Complex,SimsDiamond,Pumpkin,complex,5,stimuli/images/SimsDiamond_Complex.png,stimuli/images/Pumpkin_Complex.png,left,right,stimuli/images/SimsDiamond_Complex.png,stimuli/images/Pumpkin_Complex.png,stimuli/images/Pumpkin_Complex.png,stimuli/images/SimsDiamond_Complex.png,5,5,10,lab47,16,17,4,set_2,loc_order_2,fam_time_set_2,fribble,743
12,Pacman_Simple,Cylinder_Simple,Pacman,Cylinder,simple,10,stimuli/images/Pacman_Simple.png,stimuli/images/Cylinder_Simple.png,right,left,stimuli/images/Cylinder_Simple.png,stimuli/images/Pacman_Simple.png,stimuli/images/Pacman_Simple.png,stimuli/images/Cylinder_Simple.png,5,5,20,lab47,16,17,4,set_2,loc_order_2,fam_time_set_2,fribble,743
1,Frac5B_Complex,Frac5A_Complex,5B,5A,complex,10,stimuli/images/Frac5B_Complex.png,stimuli/images/Frac5A_Complex.png,left,right,stimuli/images/Frac5B_Complex.png,stimuli/images/Frac5A_Complex.png,stimuli/images/Frac5A_Complex.png,stimuli/images/Frac5B_Complex.png,5,5,20,lab47,16,17,4,set_2,loc_order_2,fam_time_set_2,fractal,744
2,Frac4B_Simple,Frac4A_Simple,4B,4A,simple,15,stimuli/images/Frac4B_Simple.png,stimuli/images/Frac4A_Simple.png,right,left,stimuli/images/Frac4A_Simple.png,stimuli/images/Frac4B_Simple.png,stimuli/images/Frac4B_Simple.png,stimuli/images/Frac4A_Simple.png,5,5,30,lab47,16,17,4,set_2,loc_order_2,fam_time_set_2,fractal,744
3,Frac3B_Complex,Frac3A_Complex,3B,3A,complex,5,stimuli/images/Frac3B_Complex.png,stimuli/images/Frac3A_Complex.png,right,left,stimuli/images/Frac3A_Complex.png,stimuli/images/Frac3B_Complex.png,stimuli/images/Frac3B_Complex.png,stimuli/images/Frac3A_Complex.png,5,5,10,lab47,16,17,4,set_2,loc_order_2,fam_time_set_2,fractal,744
4,Frac2B_Simple,Frac2A_Simple,2B,2A,simple,10,stimuli/images/Frac2B_Simple.png,stimuli/images/Frac2A_Simple.png,left,right,stimuli/images/Frac2B_Simple.png,stimuli/images/Frac2A_Simple.png,stimuli/images/Frac2A_Simple.png,stimuli/images/Frac2B_Simple.png,5,5,20,lab47,16,17,4,set_2,loc_order_2,fam_time_set_2,fractal,744
5,Frac6B_Simple,Frac6A_Simple,6B,6A,simple,5,stimuli/images/Frac6B_Simple.png,stimuli/images/Frac6A_Simple.png,left,right,stimuli/images/Frac6B_Simple.png,stimuli/images/Frac6A_Simple.png,stimuli/images/Frac6A_Simple.png,stimuli/images/Frac6B_Simple.png,5,5,10,lab47,16,17,4,set_2,loc_order_2,fam_time_set_2,fractal,744
6,Frac1B_Complex,Frac1A_Complex,1B,1A,complex,15,stimuli/images/Frac1B_Complex.png,stimuli/images/Frac1A_Complex.png,right,left,stimuli/images/Frac1A_Complex.png,stimuli/images/Frac1B_Complex.png,stimuli/images/Frac1B_Complex.png,stimuli/images/Frac1A_Complex.png,5,5,30,lab47,16,17,4,set_2,loc_order_2,fam_time_set_2,fractal,744
7,Bowl_Simple,Tripod_Simple,Bowl,Tripod,simple,5,stimuli/images/Bowl_Simple.png,stimuli/images/Tripod_Simple.png,right,left,stimuli/images/Tripod_Simple.png,stimuli/images/Bowl_Simple.png,stimuli/images/Bowl_Simple.png,stimuli/images/Tripod_Simple.png,5,5,10,lab47,16,17,4,set_2,loc_order_2,fam_time_set_2,fribble,744
8,Diamond_Complex,Crinkle_Complex,Diamond,Crinkle,complex,10,stimuli/images/Diamond_Complex.png,stimuli/images/Crinkle_Complex.png,left,right,stimuli/images/Diamond_Complex.png,stimuli/images/Crinkle_Complex.png,stimuli/images/Crinkle_Complex.png,stimuli/images/Diamond_Complex.png,5,5,20,lab47,16,17,4,set_2,loc_order_2,fam_time_set_2,fribble,744
9,Gumdrop_Simple,Pyramid_Simple,Gumdrop,Pyramid,simple,15,stimuli/images/Gumdrop_Simple.png,stimuli/images/Pyramid_Simple.png,left,right,stimuli/images/Gumdrop_Simple.png,stimuli/images/Pyramid_Simple.png,stimuli/images/Pyramid_Simple.png,stimuli/images/Gumdrop_Simple.png,5,5,30,lab47,16,17,4,set_2,loc_order_2,fam_time_set_2,fribble,744
10,Arrow_Complex,Bowtie_Complex,Arrow,Bowtie,complex,15,stimuli/images/Arrow_Complex.png,stimuli/images/Bowtie_Complex.png,right,left,stimuli/images/Bowtie_Complex.png,stimuli/images/Arrow_Complex.png,stimuli/images/Arrow_Complex.png,stimuli/images/Bowtie_Complex.png,5,5,30,lab47,16,17,4,set_2,loc_order_2,fam_time_set_2,fribble,744
11,Pumpkin_Complex,SimsDiamond_Complex,Pumpkin,SimsDiamond,complex,5,stimuli/images/Pumpkin_Complex.png,stimuli/images/SimsDiamond_Complex.png,left,right,stimuli/images/Pumpkin_Complex.png,stimuli/images/SimsDiamond_Complex.png,stimuli/images/SimsDiamond_Complex.png,stimuli/images/Pumpkin_Complex.png,5,5,10,lab47,16,17,4,set_2,loc_order_2,fam_time_set_2,fribble,744
12,Cylinder_Simple,Pacman_Simple,Cylinder,Pacman,simple,10,stimuli/images/Cylinder_Simple.png,stimuli/images/Pacman_Simple.png,right,left,stimuli/images/Pacman_Simple.png,stimuli/images/Cylinder_Simple.png,stimuli/images/Cylinder_Simple.png,stimuli/images/Pacman_Simple.png,5,5,20,lab47,16,17,4,set_2,loc_order_2,fam_time_set_2,fribble,744
1,Pacman_Complex,Cylinder_Complex,Pacman,Cylinder,complex,5,stimuli/images/Pacman_Complex.png,stimuli/images/Cylinder_Complex.png,right,left,stimuli/images/Cylinder_Complex.png,stimuli/images/Pacman_Complex.png,stimuli/images/Pacman_Complex.png,stimuli/images/Cylinder_Complex.png,5,5,10,lab47,16,17,4,set_2,loc_order_2,fam_time_set_2,fribble,745
2,SimsDiamond_Simple,Pumpkin_Simple,SimsDiamond,Pumpkin,simple,15,stimuli/images/SimsDiamond_Simple.png,stimuli/images/Pumpkin_Simple.png,left,right,stimuli/images/SimsDiamond_Simple.png,stimuli/images/Pumpkin_Simple.png,stimuli/images/Pumpkin_Simple.png,stimuli/images/SimsDiamond_Simple.png,5,5,30,lab47,16,17,4,set_2,loc_order_2,fam_time_set_2,fribble,745
3,Bowtie_Simple,Arrow_Simple,Bowtie,Arrow,simple,10,stimuli/images/Bowtie_Simple.png,stimuli/images/Arrow_Simple.png,right,left,stimuli/images/Arrow_Simple.png,stimuli/images/Bowtie_Simple.png,stimuli/images/Bowtie_Simple.png,stimuli/images/Arrow_Simple.png,5,5,20,lab47,16,17,4,set_2,loc_order_2,fam_time_set_2,fribble,745
4,Pyramid_Complex,Gumdrop_Complex,Pyramid,Gumdrop,complex,10,stimuli/images/Pyramid_Complex.png,stimuli/images/Gumdrop_Complex.png,left,right,stimuli/images/Pyramid_Complex.png,stimuli/images/Gumdrop_Complex.png,stimuli/images/Gumdrop_Complex.png,stimuli/images/Pyramid_Complex.png,5,5,20,lab47,16,17,4,set_2,loc_order_2,fam_time_set_2,fribble,745
5,Crinkle_Simple,Diamond_Simple,Crinkle,Diamond,simple,5,stimuli/images/Crinkle_Simple.png,stimuli/images/Diamond_Simple.png,left,right,stimuli/images/Crinkle_Simple.png,stimuli/images/Diamond_Simple.png,stimuli/images/Diamond_Simple.png,stimuli/images/Crinkle_Simple.png,5,5,10,lab47,16,17,4,set_2,loc_order_2,fam_time_set_2,fribble,745
6,Tripod_Complex,Bowl_Complex,Tripod,Bowl,complex,15,stimuli/images/Tripod_Complex.png,stimuli/images/Bowl_Complex.png,right,left,stimuli/images/Bowl_Complex.png,stimuli/images/Tripod_Complex.png,stimuli/images/Tripod_Complex.png,stimuli/images/Bowl_Complex.png,5,5,30,lab47,16,17,4,set_2,loc_order_2,fam_time_set_2,fribble,745
7,Frac1A_Simple,Frac1B_Simple,1A,1B,simple,10,stimuli/images/Frac1A_Simple.png,stimuli/images/Frac1B_Simple.png,right,left,stimuli/images/Frac1B_Simple.png,stimuli/images/Frac1A_Simple.png,stimuli/images/Frac1A_Simple.png,stimuli/images/Frac1B_Simple.png,5,5,20,lab47,16,17,4,set_2,loc_order_2,fam_time_set_2,fractal,745
8,Frac6A_Complex,Frac6B_Complex,6A,6B,complex,15,stimuli/images/Frac6A_Complex.png,stimuli/images/Frac6B_Complex.png,left,right,stimuli/images/Frac6A_Complex.png,stimuli/images/Frac6B_Complex.png,stimuli/images/Frac6B_Complex.png,stimuli/images/Frac6A_Complex.png,5,5,30,lab47,16,17,4,set_2,loc_order_2,fam_time_set_2,fractal,745
9,Frac2A_Complex,Frac2B_Complex,2A,2B,complex,5,stimuli/images/Frac2A_Complex.png,stimuli/images/Frac2B_Complex.png,left,right,stimuli/images/Frac2A_Complex.png,stimuli/images/Frac2B_Complex.png,stimuli/images/Frac2B_Complex.png,stimuli/images/Frac2A_Complex.png,5,5,10,lab47,16,17,4,set_2,loc_order_2,fam_time_set_2,fractal,745
10,Frac3A_Simple,Frac3B_Simple,3A,3B,simple,15,stimuli/images/Frac3A_Simple.png,stimuli/images/Frac3B_Simple.png,right,left,stimuli/images/Frac3B_Simple.png,stimuli/images/Frac3A_Simple.png,stimuli/images/Frac3A_Simple.png,stimuli/images/Frac3B_Simple.png,5,5,30,lab47,16,17,4,set_2,loc_order_2,fam_time_set_2,fractal,745
11,Frac4A_Complex,Frac4B_Complex,4A,4B,complex,10,stimuli/images/Frac4A_Complex.png,stimuli/images/Frac4B_Complex.png,right,left,stimuli/images/Frac4B_Complex.png,stimuli/images/Frac4A_Complex.png,stimuli/images/Frac4A_Complex.png,stimuli/images/Frac4B_Complex.png,5,5,20,lab47,16,17,4,set_2,loc_order_2,fam_time_set_2,fractal,745
12,Frac5A_Simple,Frac5B_Simple,5A,5B,simple,5,stimuli/images/Frac5A_Simple.png,stimuli/images/Frac5B_Simple.png,left,right,stimuli/images/Frac5A_Simple.png,stimuli/images/Frac5B_Simple.png,stimuli/images/Frac5B_Simple.png,stimuli/images/Frac5A_Simple.png,5,5,10,lab47,16,17,4,set_2,loc_order_2,fam_time_set_2,fractal,745
1,Cylinder_Complex,Pacman_Complex,Cylinder,Pacman,complex,5,stimuli/images/Cylinder_Complex.png,stimuli/images/Pacman_Complex.png,right,left,stimuli/images/Pacman_Complex.png,stimuli/images/Cylinder_Complex.png,stimuli/images/Cylinder_Complex.png,stimuli/images/Pacman_Complex.png,5,5,10,lab47,16,17,4,set_2,loc_order_2,fam_time_set_2,fribble,746
2,Pumpkin_Simple,SimsDiamond_Simple,Pumpkin,SimsDiamond,simple,15,stimuli/images/Pumpkin_Simple.png,stimuli/images/SimsDiamond_Simple.png,left,right,stimuli/images/Pumpkin_Simple.png,stimuli/images/SimsDiamond_Simple.png,stimuli/images/SimsDiamond_Simple.png,stimuli/images/Pumpkin_Simple.png,5,5,30,lab47,16,17,4,set_2,loc_order_2,fam_time_set_2,fribble,746
3,Arrow_Simple,Bowtie_Simple,Arrow,Bowtie,simple,10,stimuli/images/Arrow_Simple.png,stimuli/images/Bowtie_Simple.png,right,left,stimuli/images/Bowtie_Simple.png,stimuli/images/Arrow_Simple.png,stimuli/images/Arrow_Simple.png,stimuli/images/Bowtie_Simple.png,5,5,20,lab47,16,17,4,set_2,loc_order_2,fam_time_set_2,fribble,746
4,Gumdrop_Complex,Pyramid_Complex,Gumdrop,Pyramid,complex,10,stimuli/images/Gumdrop_Complex.png,stimuli/images/Pyramid_Complex.png,left,right,stimuli/images/Gumdrop_Complex.png,stimuli/images/Pyramid_Complex.png,stimuli/images/Pyramid_Complex.png,stimuli/images/Gumdrop_Complex.png,5,5,20,lab47,16,17,4,set_2,loc_order_2,fam_time_set_2,fribble,746
5,Diamond_Simple,Crinkle_Simple,Diamond,Crinkle,simple,5,stimuli/images/Diamond_Simple.png,stimuli/images/Crinkle_Simple.png,left,right,stimuli/images/Diamond_Simple.png,stimuli/images/Crinkle_Simple.png,stimuli/images/Crinkle_Simple.png,stimuli/images/Diamond_Simple.png,5,5,10,lab47,16,17,4,set_2,loc_order_2,fam_time_set_2,fribble,746
6,Bowl_Complex,Tripod_Complex,Bowl,Tripod,complex,15,stimuli/images/Bowl_Complex.png,stimuli/images/Tripod_Complex.png,right,left,stimuli/images/Tripod_Complex.png,stimuli/images/Bowl_Complex.png,stimuli/images/Bowl_Complex.png,stimuli/images/Tripod_Complex.png,5,5,30,lab47,16,17,4,set_2,loc_order_2,fam_time_set_2,fribble,746
7,Frac1B_Simple,Frac1A_Simple,1B,1A,simple,10,stimuli/images/Frac1B_Simple.png,stimuli/images/Frac1A_Simple.png,right,left,stimuli/images/Frac1A_Simple.png,stimuli/images/Frac1B_Simple.png,stimuli/images/Frac1B_Simple.png,stimuli/images/Frac1A_Simple.png,5,5,20,lab47,16,17,4,set_2,loc_order_2,fam_time_set_2,fractal,746
8,Frac6B_Complex,Frac6A_Complex,6B,6A,complex,15,stimuli/images/Frac6B_Complex.png,stimuli/images/Frac6A_Complex.png,left,right,stimuli/images/Frac6B_Complex.png,stimuli/images/Frac6A_Complex.png,stimuli/images/Frac6A_Complex.png,stimuli/images/Frac6B_Complex.png,5,5,30,lab47,16,17,4,set_2,loc_order_2,fam_time_set_2,fractal,746
9,Frac2B_Complex,Frac2A_Complex,2B,2A,complex,5,stimuli/images/Frac2B_Complex.png,stimuli/images/Frac2A_Complex.png,left,right,stimuli/images/Frac2B_Complex.png,stimuli/images/Frac2A_Complex.png,stimuli/images/Frac2A_Complex.png,stimuli/images/Frac2B_Complex.png,5,5,10,lab47,16,17,4,set_2,loc_order_2,fam_time_set_2,fractal,746
10,Frac3B_Simple,Frac3A_Simple,3B,3A,simple,15,stimuli/images/Frac3B_Simple.png,stimuli/images/Frac3A_Simple.png,right,left,stimuli/images/Frac3A_Simple.png,stimuli/images/Frac3B_Simple.png,stimuli/images/Frac3B_Simple.png,stimuli/images/Frac3A_Simple.png,5,5,30,lab47,16,17,4,set_2,loc_order_2,fam_time_set_2,fractal,746
11,Frac4B_Complex,Frac4A_Complex,4B,4A,complex,10,stimuli/images/Frac4B_Complex.png,stimuli/images/Frac4A_Complex.png,right,left,stimuli/images/Frac4A_Complex.png,stimuli/images/Frac4B_Complex.png,stimuli/images/Frac4B_Complex.png,stimuli/images/Frac4A_Complex.png,5,5,20,lab47,16,17,4,set_2,loc_order_2,fam_time_set_2,fractal,746
12,Frac5B_Simple,Frac5A_Simple,5B,5A,simple,5,stimuli/images/Frac5B_Simple.png,stimuli/images/Frac5A_Simple.png,left,right,stimuli/images/Frac5B_Simple.png,stimuli/images/Frac5A_Simple.png,stimuli/images/Frac5A_Simple.png,stimuli/images/Frac5B_Simple.png,5,5,10,lab47,16,17,4,set_2,loc_order_2,fam_time_set_2,fractal,746
1,Frac5A_Simple,Frac5B_Simple,5A,5B,simple,5,stimuli/images/Frac5A_Simple.png,stimuli/images/Frac5B_Simple.png,left,right,stimuli/images/Frac5A_Simple.png,stimuli/images/Frac5B_Simple.png,stimuli/images/Frac5B_Simple.png,stimuli/images/Frac5A_Simple.png,5,5,10,lab47,16,17,4,set_2,loc_order_2,fam_time_set_2,fractal,747
2,Frac4A_Complex,Frac4B_Complex,4A,4B,complex,10,stimuli/images/Frac4A_Complex.png,stimuli/images/Frac4B_Complex.png,right,left,stimuli/images/Frac4B_Complex.png,stimuli/images/Frac4A_Complex.png,stimuli/images/Frac4A_Complex.png,stimuli/images/Frac4B_Complex.png,5,5,20,lab47,16,17,4,set_2,loc_order_2,fam_time_set_2,fractal,747
3,Frac3A_Simple,Frac3B_Simple,3A,3B,simple,15,stimuli/images/Frac3A_Simple.png,stimuli/images/Frac3B_Simple.png,right,left,stimuli/images/Frac3B_Simple.png,stimuli/images/Frac3A_Simple.png,stimuli/images/Frac3A_Simple.png,stimuli/images/Frac3B_Simple.png,5,5,30,lab47,16,17,4,set_2,loc_order_2,fam_time_set_2,fractal,747
4,Frac2A_Complex,Frac2B_Complex,2A,2B,complex,5,stimuli/images/Frac2A_Complex.png,stimuli/images/Frac2B_Complex.png,left,right,stimuli/images/Frac2A_Complex.png,stimuli/images/Frac2B_Complex.png,stimuli/images/Frac2B_Complex.png,stimuli/images/Frac2A_Complex.png,5,5,10,lab47,16,17,4,set_2,loc_order_2,fam_time_set_2,fractal,747
5,Frac6A_Complex,Frac6B_Complex,6A,6B,complex,15,stimuli/images/Frac6A_Complex.png,stimuli/images/Frac6B_Complex.png,left,right,stimuli/images/Frac6A_Complex.png,stimuli/images/Frac6B_Complex.png,stimuli/images/Frac6B_Complex.png,stimuli/images/Frac6A_Complex.png,5,5,30,lab47,16,17,4,set_2,loc_order_2,fam_time_set_2,fractal,747
6,Frac1A_Simple,Frac1B_Simple,1A,1B,simple,10,stimuli/images/Frac1A_Simple.png,stimuli/images/Frac1B_Simple.png,right,left,stimuli/images/Frac1B_Simple.png,stimuli/images/Frac1A_Simple.png,stimuli/images/Frac1A_Simple.png,stimuli/images/Frac1B_Simple.png,5,5,20,lab47,16,17,4,set_2,loc_order_2,fam_time_set_2,fractal,747
7,Tripod_Complex,Bowl_Complex,Tripod,Bowl,complex,15,stimuli/images/Tripod_Complex.png,stimuli/images/Bowl_Complex.png,right,left,stimuli/images/Bowl_Complex.png,stimuli/images/Tripod_Complex.png,stimuli/images/Tripod_Complex.png,stimuli/images/Bowl_Complex.png,5,5,30,lab47,16,17,4,set_2,loc_order_2,fam_time_set_2,fribble,747
8,Crinkle_Simple,Diamond_Simple,Crinkle,Diamond,simple,5,stimuli/images/Crinkle_Simple.png,stimuli/images/Diamond_Simple.png,left,right,stimuli/images/Crinkle_Simple.png,stimuli/images/Diamond_Simple.png,stimuli/images/Diamond_Simple.png,stimuli/images/Crinkle_Simple.png,5,5,10,lab47,16,17,4,set_2,loc_order_2,fam_time_set_2,fribble,747
9,Pyramid_Complex,Gumdrop_Complex,Pyramid,Gumdrop,complex,10,stimuli/images/Pyramid_Complex.png,stimuli/images/Gumdrop_Complex.png,left,right,stimuli/images/Pyramid_Complex.png,stimuli/images/Gumdrop_Complex.png,stimuli/images/Gumdrop_Complex.png,stimuli/images/Pyramid_Complex.png,5,5,20,lab47,16,17,4,set_2,loc_order_2,fam_time_set_2,fribble,747
10,Bowtie_Simple,Arrow_Simple,Bowtie,Arrow,simple,10,stimuli/images/Bowtie_Simple.png,stimuli/images/Arrow_Simple.png,right,left,stimuli/images/Arrow_Simple.png,stimuli/images/Bowtie_Simple.png,stimuli/images/Bowtie_Simple.png,stimuli/images/Arrow_Simple.png,5,5,20,lab47,16,17,4,set_2,loc_order_2,fam_time_set_2,fribble,747
11,SimsDiamond_Simple,Pumpkin_Simple,SimsDiamond,Pumpkin,simple,15,stimuli/images/SimsDiamond_Simple.png,stimuli/images/Pumpkin_Simple.png,left,right,stimuli/images/SimsDiamond_Simple.png,stimuli/images/Pumpkin_Simple.png,stimuli/images/Pumpkin_Simple.png,stimuli/images/SimsDiamond_Simple.png,5,5,30,lab47,16,17,4,set_2,loc_order_2,fam_time_set_2,fribble,747
12,Pacman_Complex,Cylinder_Complex,Pacman,Cylinder,complex,5,stimuli/images/Pacman_Complex.png,stimuli/images/Cylinder_Complex.png,right,left,stimuli/images/Cylinder_Complex.png,stimuli/images/Pacman_Complex.png,stimuli/images/Pacman_Complex.png,stimuli/images/Cylinder_Complex.png,5,5,10,lab47,16,17,4,set_2,loc_order_2,fam_time_set_2,fribble,747
1,Frac5B_Simple,Frac5A_Simple,5B,5A,simple,5,stimuli/images/Frac5B_Simple.png,stimuli/images/Frac5A_Simple.png,left,right,stimuli/images/Frac5B_Simple.png,stimuli/images/Frac5A_Simple.png,stimuli/images/Frac5A_Simple.png,stimuli/images/Frac5B_Simple.png,5,5,10,lab47,16,17,4,set_2,loc_order_2,fam_time_set_2,fractal,748
2,Frac4B_Complex,Frac4A_Complex,4B,4A,complex,10,stimuli/images/Frac4B_Complex.png,stimuli/images/Frac4A_Complex.png,right,left,stimuli/images/Frac4A_Complex.png,stimuli/images/Frac4B_Complex.png,stimuli/images/Frac4B_Complex.png,stimuli/images/Frac4A_Complex.png,5,5,20,lab47,16,17,4,set_2,loc_order_2,fam_time_set_2,fractal,748
3,Frac3B_Simple,Frac3A_Simple,3B,3A,simple,15,stimuli/images/Frac3B_Simple.png,stimuli/images/Frac3A_Simple.png,right,left,stimuli/images/Frac3A_Simple.png,stimuli/images/Frac3B_Simple.png,stimuli/images/Frac3B_Simple.png,stimuli/images/Frac3A_Simple.png,5,5,30,lab47,16,17,4,set_2,loc_order_2,fam_time_set_2,fractal,748
4,Frac2B_Complex,Frac2A_Complex,2B,2A,complex,5,stimuli/images/Frac2B_Complex.png,stimuli/images/Frac2A_Complex.png,left,right,stimuli/images/Frac2B_Complex.png,stimuli/images/Frac2A_Complex.png,stimuli/images/Frac2A_Complex.png,stimuli/images/Frac2B_Complex.png,5,5,10,lab47,16,17,4,set_2,loc_order_2,fam_time_set_2,fractal,748
5,Frac6B_Complex,Frac6A_Complex,6B,6A,complex,15,stimuli/images/Frac6B_Complex.png,stimuli/images/Frac6A_Complex.png,left,right,stimuli/images/Frac6B_Complex.png,stimuli/images/Frac6A_Complex.png,stimuli/images/Frac6A_Complex.png,stimuli/images/Frac6B_Complex.png,5,5,30,lab47,16,17,4,set_2,loc_order_2,fam_time_set_2,fractal,748
6,Frac1B_Simple,Frac1A_Simple,1B,1A,simple,10,stimuli/images/Frac1B_Simple.png,stimuli/images/Frac1A_Simple.png,right,left,stimuli/images/Frac1A_Simple.png,stimuli/images/Frac1B_Simple.png,stimuli/images/Frac1B_Simple.png,stimuli/images/Frac1A_Simple.png,5,5,20,lab47,16,17,4,set_2,loc_order_2,fam_time_set_2,fractal,748
7,Bowl_Complex,Tripod_Complex,Bowl,Tripod,complex,15,stimuli/images/Bowl_Complex.png,stimuli/images/Tripod_Complex.png,right,left,stimuli/images/Tripod_Complex.png,stimuli/images/Bowl_Complex.png,stimuli/images/Bowl_Complex.png,stimuli/images/Tripod_Complex.png,5,5,30,lab47,16,17,4,set_2,loc_order_2,fam_time_set_2,fribble,748
8,Diamond_Simple,Crinkle_Simple,Diamond,Crinkle,simple,5,stimuli/images/Diamond_Simple.png,stimuli/images/Crinkle_Simple.png,left,right,stimuli/images/Diamond_Simple.png,stimuli/images/Crinkle_Simple.png,stimuli/images/Crinkle_Simple.png,stimuli/images/Diamond_Simple.png,5,5,10,lab47,16,17,4,set_2,loc_order_2,fam_time_set_2,fribble,748
9,Gumdrop_Complex,Pyramid_Complex,Gumdrop,Pyramid,complex,10,stimuli/images/Gumdrop_Complex.png,stimuli/images/Pyramid_Complex.png,left,right,stimuli/images/Gumdrop_Complex.png,stimuli/images/Pyramid_Complex.png,stimuli/images/Pyramid_Complex.png,stimuli/images/Gumdrop_Complex.png,5,5,20,lab47,16,17,4,set_2,loc_order_2,fam_time_set_2,fribble,748
10,Arrow_Simple,Bowtie_Simple,Arrow,Bowtie,simple,10,stimuli/images/Arrow_Simple.png,stimuli/images/Bowtie_Simple.png,right,left,stimuli/images/Bowtie_Simple.png,stimuli/images/Arrow_Simple.png,stimuli/images/Arrow_Simple.png,stimuli/images/Bowtie_Simple.png,5,5,20,lab47,16,17,4,set_2,loc_order_2,fam_time_set_2,fribble,748
11,Pumpkin_Simple,SimsDiamond_Simple,Pumpkin,SimsDiamond,simple,15,stimuli/images/Pumpkin_Simple.png,stimuli/images/SimsDiamond_Simple.png,left,right,stimuli/images/Pumpkin_Simple.png,stimuli/images/SimsDiamond_Simple.png,stimuli/images/SimsDiamond_Simple.png,stimuli/images/Pumpkin_Simple.png,5,5,30,lab47,16,17,4,set_2,loc_order_2,fam_time_set_2,fribble,748
12,Cylinder_Complex,Pacman_Complex,Cylinder,Pacman,complex,5,stimuli/images/Cylinder_Complex.png,stimuli/images/Pacman_Complex.png,right,left,stimuli/images/Pacman_Complex.png,stimuli/images/Cylinder_Complex.png,stimuli/images/Cylinder_Complex.png,stimuli/images/Pacman_Complex.png,5,5,10,lab47,16,17,4,set_2,loc_order_2,fam_time_set_2,fribble,748
1,Pacman_Complex,Cylinder_Complex,Pacman,Cylinder,complex,10,stimuli/images/Pacman_Complex.png,stimuli/images/Cylinder_Complex.png,right,left,stimuli/images/Cylinder_Complex.png,stimuli/images/Pacman_Complex.png,stimuli/images/Pacman_Complex.png,stimuli/images/Cylinder_Complex.png,5,5,20,lab47,16,17,4,set_2,loc_order_2,fam_time_set_2,fribble,749
2,SimsDiamond_Simple,Pumpkin_Simple,SimsDiamond,Pumpkin,simple,5,stimuli/images/SimsDiamond_Simple.png,stimuli/images/Pumpkin_Simple.png,left,right,stimuli/images/SimsDiamond_Simple.png,stimuli/images/Pumpkin_Simple.png,stimuli/images/Pumpkin_Simple.png,stimuli/images/SimsDiamond_Simple.png,5,5,10,lab47,16,17,4,set_2,loc_order_2,fam_time_set_2,fribble,749
3,Bowtie_Simple,Arrow_Simple,Bowtie,Arrow,simple,15,stimuli/images/Bowtie_Simple.png,stimuli/images/Arrow_Simple.png,right,left,stimuli/images/Arrow_Simple.png,stimuli/images/Bowtie_Simple.png,stimuli/images/Bowtie_Simple.png,stimuli/images/Arrow_Simple.png,5,5,30,lab47,16,17,4,set_2,loc_order_2,fam_time_set_2,fribble,749
4,Pyramid_Complex,Gumdrop_Complex,Pyramid,Gumdrop,complex,15,stimuli/images/Pyramid_Complex.png,stimuli/images/Gumdrop_Complex.png,left,right,stimuli/images/Pyramid_Complex.png,stimuli/images/Gumdrop_Complex.png,stimuli/images/Gumdrop_Complex.png,stimuli/images/Pyramid_Complex.png,5,5,30,lab47,16,17,4,set_2,loc_order_2,fam_time_set_2,fribble,749
5,Crinkle_Simple,Diamond_Simple,Crinkle,Diamond,simple,10,stimuli/images/Crinkle_Simple.png,stimuli/images/Diamond_Simple.png,left,right,stimuli/images/Crinkle_Simple.png,stimuli/images/Diamond_Simple.png,stimuli/images/Diamond_Simple.png,stimuli/images/Crinkle_Simple.png,5,5,20,lab47,16,17,4,set_2,loc_order_2,fam_time_set_2,fribble,749
6,Tripod_Complex,Bowl_Complex,Tripod,Bowl,complex,5,stimuli/images/Tripod_Complex.png,stimuli/images/Bowl_Complex.png,right,left,stimuli/images/Bowl_Complex.png,stimuli/images/Tripod_Complex.png,stimuli/images/Tripod_Complex.png,stimuli/images/Bowl_Complex.png,5,5,10,lab47,16,17,4,set_2,loc_order_2,fam_time_set_2,fribble,749
7,Frac1A_Simple,Frac1B_Simple,1A,1B,simple,15,stimuli/images/Frac1A_Simple.png,stimuli/images/Frac1B_Simple.png,right,left,stimuli/images/Frac1B_Simple.png,stimuli/images/Frac1A_Simple.png,stimuli/images/Frac1A_Simple.png,stimuli/images/Frac1B_Simple.png,5,5,30,lab47,16,17,4,set_2,loc_order_2,fam_time_set_2,fractal,749
8,Frac6A_Complex,Frac6B_Complex,6A,6B,complex,5,stimuli/images/Frac6A_Complex.png,stimuli/images/Frac6B_Complex.png,left,right,stimuli/images/Frac6A_Complex.png,stimuli/images/Frac6B_Complex.png,stimuli/images/Frac6B_Complex.png,stimuli/images/Frac6A_Complex.png,5,5,10,lab47,16,17,4,set_2,loc_order_2,fam_time_set_2,fractal,749
9,Frac2A_Complex,Frac2B_Complex,2A,2B,complex,10,stimuli/images/Frac2A_Complex.png,stimuli/images/Frac2B_Complex.png,left,right,stimuli/images/Frac2A_Complex.png,stimuli/images/Frac2B_Complex.png,stimuli/images/Frac2B_Complex.png,stimuli/images/Frac2A_Complex.png,5,5,20,lab47,16,17,4,set_2,loc_order_2,fam_time_set_2,fractal,749
10,Frac3A_Simple,Frac3B_Simple,3A,3B,simple,5,stimuli/images/Frac3A_Simple.png,stimuli/images/Frac3B_Simple.png,right,left,stimuli/images/Frac3B_Simple.png,stimuli/images/Frac3A_Simple.png,stimuli/images/Frac3A_Simple.png,stimuli/images/Frac3B_Simple.png,5,5,10,lab47,16,17,4,set_2,loc_order_2,fam_time_set_2,fractal,749
11,Frac4A_Complex,Frac4B_Complex,4A,4B,complex,15,stimuli/images/Frac4A_Complex.png,stimuli/images/Frac4B_Complex.png,right,left,stimuli/images/Frac4B_Complex.png,stimuli/images/Frac4A_Complex.png,stimuli/images/Frac4A_Complex.png,stimuli/images/Frac4B_Complex.png,5,5,30,lab47,16,17,4,set_2,loc_order_2,fam_time_set_2,fractal,749
12,Frac5A_Simple,Frac5B_Simple,5A,5B,simple,10,stimuli/images/Frac5A_Simple.png,stimuli/images/Frac5B_Simple.png,left,right,stimuli/images/Frac5A_Simple.png,stimuli/images/Frac5B_Simple.png,stimuli/images/Frac5B_Simple.png,stimuli/images/Frac5A_Simple.png,5,5,20,lab47,16,17,4,set_2,loc_order_2,fam_time_set_2,fractal,749
1,Cylinder_Complex,Pacman_Complex,Cylinder,Pacman,complex,10,stimuli/images/Cylinder_Complex.png,stimuli/images/Pacman_Complex.png,right,left,stimuli/images/Pacman_Complex.png,stimuli/images/Cylinder_Complex.png,stimuli/images/Cylinder_Complex.png,stimuli/images/Pacman_Complex.png,5,5,20,lab47,16,17,4,set_2,loc_order_2,fam_time_set_2,fribble,750
2,Pumpkin_Simple,SimsDiamond_Simple,Pumpkin,SimsDiamond,simple,5,stimuli/images/Pumpkin_Simple.png,stimuli/images/SimsDiamond_Simple.png,left,right,stimuli/images/Pumpkin_Simple.png,stimuli/images/SimsDiamond_Simple.png,stimuli/images/SimsDiamond_Simple.png,stimuli/images/Pumpkin_Simple.png,5,5,10,lab47,16,17,4,set_2,loc_order_2,fam_time_set_2,fribble,750
3,Arrow_Simple,Bowtie_Simple,Arrow,Bowtie,simple,15,stimuli/images/Arrow_Simple.png,stimuli/images/Bowtie_Simple.png,right,left,stimuli/images/Bowtie_Simple.png,stimuli/images/Arrow_Simple.png,stimuli/images/Arrow_Simple.png,stimuli/images/Bowtie_Simple.png,5,5,30,lab47,16,17,4,set_2,loc_order_2,fam_time_set_2,fribble,750
4,Gumdrop_Complex,Pyramid_Complex,Gumdrop,Pyramid,complex,15,stimuli/images/Gumdrop_Complex.png,stimuli/images/Pyramid_Complex.png,left,right,stimuli/images/Gumdrop_Complex.png,stimuli/images/Pyramid_Complex.png,stimuli/images/Pyramid_Complex.png,stimuli/images/Gumdrop_Complex.png,5,5,30,lab47,16,17,4,set_2,loc_order_2,fam_time_set_2,fribble,750
5,Diamond_Simple,Crinkle_Simple,Diamond,Crinkle,simple,10,stimuli/images/Diamond_Simple.png,stimuli/images/Crinkle_Simple.png,left,right,stimuli/images/Diamond_Simple.png,stimuli/images/Crinkle_Simple.png,stimuli/images/Crinkle_Simple.png,stimuli/images/Diamond_Simple.png,5,5,20,lab47,16,17,4,set_2,loc_order_2,fam_time_set_2,fribble,750
6,Bowl_Complex,Tripod_Complex,Bowl,Tripod,complex,5,stimuli/images/Bowl_Complex.png,stimuli/images/Tripod_Complex.png,right,left,stimuli/images/Tripod_Complex.png,stimuli/images/Bowl_Complex.png,stimuli/images/Bowl_Complex.png,stimuli/images/Tripod_Complex.png,5,5,10,lab47,16,17,4,set_2,loc_order_2,fam_time_set_2,fribble,750
7,Frac1B_Simple,Frac1A_Simple,1B,1A,simple,15,stimuli/images/Frac1B_Simple.png,stimuli/images/Frac1A_Simple.png,right,left,stimuli/images/Frac1A_Simple.png,stimuli/images/Frac1B_Simple.png,stimuli/images/Frac1B_Simple.png,stimuli/images/Frac1A_Simple.png,5,5,30,lab47,16,17,4,set_2,loc_order_2,fam_time_set_2,fractal,750
8,Frac6B_Complex,Frac6A_Complex,6B,6A,complex,5,stimuli/images/Frac6B_Complex.png,stimuli/images/Frac6A_Complex.png,left,right,stimuli/images/Frac6B_Complex.png,stimuli/images/Frac6A_Complex.png,stimuli/images/Frac6A_Complex.png,stimuli/images/Frac6B_Complex.png,5,5,10,lab47,16,17,4,set_2,loc_order_2,fam_time_set_2,fractal,750
9,Frac2B_Complex,Frac2A_Complex,2B,2A,complex,10,stimuli/images/Frac2B_Complex.png,stimuli/images/Frac2A_Complex.png,left,right,stimuli/images/Frac2B_Complex.png,stimuli/images/Frac2A_Complex.png,stimuli/images/Frac2A_Complex.png,stimuli/images/Frac2B_Complex.png,5,5,20,lab47,16,17,4,set_2,loc_order_2,fam_time_set_2,fractal,750
10,Frac3B_Simple,Frac3A_Simple,3B,3A,simple,5,stimuli/images/Frac3B_Simple.png,stimuli/images/Frac3A_Simple.png,right,left,stimuli/images/Frac3A_Simple.png,stimuli/images/Frac3B_Simple.png,stimuli/images/Frac3B_Simple.png,stimuli/images/Frac3A_Simple.png,5,5,10,lab47,16,17,4,set_2,loc_order_2,fam_time_set_2,fractal,750
11,Frac4B_Complex,Frac4A_Complex,4B,4A,complex,15,stimuli/images/Frac4B_Complex.png,stimuli/images/Frac4A_Complex.png,right,left,stimuli/images/Frac4A_Complex.png,stimuli/images/Frac4B_Complex.png,stimuli/images/Frac4B_Complex.png,stimuli/images/Frac4A_Complex.png,5,5,30,lab47,16,17,4,set_2,loc_order_2,fam_time_set_2,fractal,750
12,Frac5B_Simple,Frac5A_Simple,5B,5A,simple,10,stimuli/images/Frac5B_Simple.png,stimuli/images/Frac5A_Simple.png,left,right,stimuli/images/Frac5B_Simple.png,stimuli/images/Frac5A_Simple.png,stimuli/images/Frac5A_Simple.png,stimuli/images/Frac5B_Simple.png,5,5,20,lab47,16,17,4,set_2,loc_order_2,fam_time_set_2,fractal,750
1,Frac5A_Simple,Frac5B_Simple,5A,5B,simple,10,stimuli/images/Frac5A_Simple.png,stimuli/images/Frac5B_Simple.png,left,right,stimuli/images/Frac5A_Simple.png,stimuli/images/Frac5B_Simple.png,stimuli/images/Frac5B_Simple.png,stimuli/images/Frac5A_Simple.png,5,5,20,lab47,16,17,4,set_2,loc_order_2,fam_time_set_2,fractal,751
2,Frac4A_Complex,Frac4B_Complex,4A,4B,complex,15,stimuli/images/Frac4A_Complex.png,stimuli/images/Frac4B_Complex.png,right,left,stimuli/images/Frac4B_Complex.png,stimuli/images/Frac4A_Complex.png,stimuli/images/Frac4A_Complex.png,stimuli/images/Frac4B_Complex.png,5,5,30,lab47,16,17,4,set_2,loc_order_2,fam_time_set_2,fractal,751
3,Frac3A_Simple,Frac3B_Simple,3A,3B,simple,5,stimuli/images/Frac3A_Simple.png,stimuli/images/Frac3B_Simple.png,right,left,stimuli/images/Frac3B_Simple.png,stimuli/images/Frac3A_Simple.png,stimuli/images/Frac3A_Simple.png,stimuli/images/Frac3B_Simple.png,5,5,10,lab47,16,17,4,set_2,loc_order_2,fam_time_set_2,fractal,751
4,Frac2A_Complex,Frac2B_Complex,2A,2B,complex,10,stimuli/images/Frac2A_Complex.png,stimuli/images/Frac2B_Complex.png,left,right,stimuli/images/Frac2A_Complex.png,stimuli/images/Frac2B_Complex.png,stimuli/images/Frac2B_Complex.png,stimuli/images/Frac2A_Complex.png,5,5,20,lab47,16,17,4,set_2,loc_order_2,fam_time_set_2,fractal,751
5,Frac6A_Complex,Frac6B_Complex,6A,6B,complex,5,stimuli/images/Frac6A_Complex.png,stimuli/images/Frac6B_Complex.png,left,right,stimuli/images/Frac6A_Complex.png,stimuli/images/Frac6B_Complex.png,stimuli/images/Frac6B_Complex.png,stimuli/images/Frac6A_Complex.png,5,5,10,lab47,16,17,4,set_2,loc_order_2,fam_time_set_2,fractal,751
6,Frac1A_Simple,Frac1B_Simple,1A,1B,simple,15,stimuli/images/Frac1A_Simple.png,stimuli/images/Frac1B_Simple.png,right,left,stimuli/images/Frac1B_Simple.png,stimuli/images/Frac1A_Simple.png,stimuli/images/Frac1A_Simple.png,stimuli/images/Frac1B_Simple.png,5,5,30,lab47,16,17,4,set_2,loc_order_2,fam_time_set_2,fractal,751
7,Tripod_Complex,Bowl_Complex,Tripod,Bowl,complex,5,stimuli/images/Tripod_Complex.png,stimuli/images/Bowl_Complex.png,right,left,stimuli/images/Bowl_Complex.png,stimuli/images/Tripod_Complex.png,stimuli/images/Tripod_Complex.png,stimuli/images/Bowl_Complex.png,5,5,10,lab47,16,17,4,set_2,loc_order_2,fam_time_set_2,fribble,751
8,Crinkle_Simple,Diamond_Simple,Crinkle,Diamond,simple,10,stimuli/images/Crinkle_Simple.png,stimuli/images/Diamond_Simple.png,left,right,stimuli/images/Crinkle_Simple.png,stimuli/images/Diamond_Simple.png,stimuli/images/Diamond_Simple.png,stimuli/images/Crinkle_Simple.png,5,5,20,lab47,16,17,4,set_2,loc_order_2,fam_time_set_2,fribble,751
9,Pyramid_Complex,Gumdrop_Complex,Pyramid,Gumdrop,complex,15,stimuli/images/Pyramid_Complex.png,stimuli/images/Gumdrop_Complex.png,left,right,stimuli/images/Pyramid_Complex.png,stimuli/images/Gumdrop_Complex.png,stimuli/images/Gumdrop_Complex.png,stimuli/images/Pyramid_Complex.png,5,5,30,lab47,16,17,4,set_2,loc_order_2,fam_time_set_2,fribble,751
10,Bowtie_Simple,Arrow_Simple,Bowtie,Arrow,simple,15,stimuli/images/Bowtie_Simple.png,stimuli/images/Arrow_Simple.png,right,left,stimuli/images/Arrow_Simple.png,stimuli/images/Bowtie_Simple.png,stimuli/images/Bowtie_Simple.png,stimuli/images/Arrow_Simple.png,5,5,30,lab47,16,17,4,set_2,loc_order_2,fam_time_set_2,fribble,751
11,SimsDiamond_Simple,Pumpkin_Simple,SimsDiamond,Pumpkin,simple,5,stimuli/images/SimsDiamond_Simple.png,stimuli/images/Pumpkin_Simple.png,left,right,stimuli/images/SimsDiamond_Simple.png,stimuli/images/Pumpkin_Simple.png,stimuli/images/Pumpkin_Simple.png,stimuli/images/SimsDiamond_Simple.png,5,5,10,lab47,16,17,4,set_2,loc_order_2,fam_time_set_2,fribble,751
12,Pacman_Complex,Cylinder_Complex,Pacman,Cylinder,complex,10,stimuli/images/Pacman_Complex.png,stimuli/images/Cylinder_Complex.png,right,left,stimuli/images/Cylinder_Complex.png,stimuli/images/Pacman_Complex.png,stimuli/images/Pacman_Complex.png,stimuli/images/Cylinder_Complex.png,5,5,20,lab47,16,17,4,set_2,loc_order_2,fam_time_set_2,fribble,751
1,Frac5B_Simple,Frac5A_Simple,5B,5A,simple,10,stimuli/images/Frac5B_Simple.png,stimuli/images/Frac5A_Simple.png,left,right,stimuli/images/Frac5B_Simple.png,stimuli/images/Frac5A_Simple.png,stimuli/images/Frac5A_Simple.png,stimuli/images/Frac5B_Simple.png,5,5,20,lab47,16,17,4,set_2,loc_order_2,fam_time_set_2,fractal,752
2,Frac4B_Complex,Frac4A_Complex,4B,4A,complex,15,stimuli/images/Frac4B_Complex.png,stimuli/images/Frac4A_Complex.png,right,left,stimuli/images/Frac4A_Complex.png,stimuli/images/Frac4B_Complex.png,stimuli/images/Frac4B_Complex.png,stimuli/images/Frac4A_Complex.png,5,5,30,lab47,16,17,4,set_2,loc_order_2,fam_time_set_2,fractal,752
3,Frac3B_Simple,Frac3A_Simple,3B,3A,simple,5,stimuli/images/Frac3B_Simple.png,stimuli/images/Frac3A_Simple.png,right,left,stimuli/images/Frac3A_Simple.png,stimuli/images/Frac3B_Simple.png,stimuli/images/Frac3B_Simple.png,stimuli/images/Frac3A_Simple.png,5,5,10,lab47,16,17,4,set_2,loc_order_2,fam_time_set_2,fractal,752
4,Frac2B_Complex,Frac2A_Complex,2B,2A,complex,10,stimuli/images/Frac2B_Complex.png,stimuli/images/Frac2A_Complex.png,left,right,stimuli/images/Frac2B_Complex.png,stimuli/images/Frac2A_Complex.png,stimuli/images/Frac2A_Complex.png,stimuli/images/Frac2B_Complex.png,5,5,20,lab47,16,17,4,set_2,loc_order_2,fam_time_set_2,fractal,752
5,Frac6B_Complex,Frac6A_Complex,6B,6A,complex,5,stimuli/images/Frac6B_Complex.png,stimuli/images/Frac6A_Complex.png,left,right,stimuli/images/Frac6B_Complex.png,stimuli/images/Frac6A_Complex.png,stimuli/images/Frac6A_Complex.png,stimuli/images/Frac6B_Complex.png,5,5,10,lab47,16,17,4,set_2,loc_order_2,fam_time_set_2,fractal,752
6,Frac1B_Simple,Frac1A_Simple,1B,1A,simple,15,stimuli/images/Frac1B_Simple.png,stimuli/images/Frac1A_Simple.png,right,left,stimuli/images/Frac1A_Simple.png,stimuli/images/Frac1B_Simple.png,stimuli/images/Frac1B_Simple.png,stimuli/images/Frac1A_Simple.png,5,5,30,lab47,16,17,4,set_2,loc_order_2,fam_time_set_2,fractal,752
7,Bowl_Complex,Tripod_Complex,Bowl,Tripod,complex,5,stimuli/images/Bowl_Complex.png,stimuli/images/Tripod_Complex.png,right,left,stimuli/images/Tripod_Complex.png,stimuli/images/Bowl_Complex.png,stimuli/images/Bowl_Complex.png,stimuli/images/Tripod_Complex.png,5,5,10,lab47,16,17,4,set_2,loc_order_2,fam_time_set_2,fribble,752
8,Diamond_Simple,Crinkle_Simple,Diamond,Crinkle,simple,10,stimuli/images/Diamond_Simple.png,stimuli/images/Crinkle_Simple.png,left,right,stimuli/images/Diamond_Simple.png,stimuli/images/Crinkle_Simple.png,stimuli/images/Crinkle_Simple.png,stimuli/images/Diamond_Simple.png,5,5,20,lab47,16,17,4,set_2,loc_order_2,fam_time_set_2,fribble,752
9,Gumdrop_Complex,Pyramid_Complex,Gumdrop,Pyramid,complex,15,stimuli/images/Gumdrop_Complex.png,stimuli/images/Pyramid_Complex.png,left,right,stimuli/images/Gumdrop_Complex.png,stimuli/images/Pyramid_Complex.png,stimuli/images/Pyramid_Complex.png,stimuli/images/Gumdrop_Complex.png,5,5,30,lab47,16,17,4,set_2,loc_order_2,fam_time_set_2,fribble,752
10,Arrow_Simple,Bowtie_Simple,Arrow,Bowtie,simple,15,stimuli/images/Arrow_Simple.png,stimuli/images/Bowtie_Simple.png,right,left,stimuli/images/Bowtie_Simple.png,stimuli/images/Arrow_Simple.png,stimuli/images/Arrow_Simple.png,stimuli/images/Bowtie_Simple.png,5,5,30,lab47,16,17,4,set_2,loc_order_2,fam_time_set_2,fribble,752
11,Pumpkin_Simple,SimsDiamond_Simple,Pumpkin,SimsDiamond,simple,5,stimuli/images/Pumpkin_Simple.png,stimuli/images/SimsDiamond_Simple.png,left,right,stimuli/images/Pumpkin_Simple.png,stimuli/images/SimsDiamond_Simple.png,stimuli/images/SimsDiamond_Simple.png,stimuli/images/Pumpkin_Simple.png,5,5,10,lab47,16,17,4,set_2,loc_order_2,fam_time_set_2,fribble,752
12,Cylinder_Complex,Pacman_Complex,Cylinder,Pacman,complex,10,stimuli/images/Cylinder_Complex.png,stimuli/images/Pacman_Complex.png,right,left,stimuli/images/Pacman_Complex.png,stimuli/images/Cylinder_Complex.png,stimuli/images/Cylinder_Complex.png,stimuli/images/Pacman_Complex.png,5,5,20,lab47,16,17,4,set_2,loc_order_2,fam_time_set_2,fribble,752
